name,franch_id,year_id,lg_id,div_id,rank,g,w,l,div_win,wc_win,lg_win,ws_win,r,ab,h,x2b,x3b,hr,bb,so,sb,cs,hbp,sf,ra,er,era,cg,sho,sv,i_pouts,ha,hra,bba,soa,e,dp,fp,attendance
Arizona Diamondbacks,ARI,2014,NL,W,5,162,64,98,N,N,N,N,615,5552,1379,259,47,118,398,1165,86,33,43,36,742,683,4.26,2,4,35,4333,1467,154,469,1278,101,147,0.983,2073730
Atlanta Braves,ATL,2014,NL,E,2,162,79,83,N,N,N,N,573,5468,1316,240,22,123,472,1369,95,33,43,27,597,547,3.38,5,13,54,4365,1369,121,472,1301,85,143,0.986,2354305
Baltimore Orioles,BAL,2014,AL,E,1,162,96,66,Y,N,N,N,705,5596,1434,264,16,211,401,1285,44,20,62,36,593,557,3.43,3,13,53,4384,1342,151,472,1174,87,156,0.986,2464473
Boston Red Sox,BOS,2014,AL,E,5,162,71,91,N,N,N,N,634,5551,1355,282,20,123,535,1337,63,25,68,52,715,653,4.01,3,7,36,4397,1458,154,482,1213,92,155,0.985,2956089
Chicago White Sox,CHW,2014,AL,C,4,162,73,89,N,N,N,N,660,5543,1400,279,32,155,417,1362,85,36,60,38,758,687,4.29,3,6,36,4323,1468,140,557,1152,107,170,0.982,1650821
Chicago Cubs,CHC,2014,NL,C,5,162,73,89,N,N,N,N,614,5508,1315,270,31,157,442,1477,65,40,54,41,707,636,3.91,1,11,37,4390,1398,115,504,1311,103,137,0.983,2652113
Cincinnati Reds,CIN,2014,NL,C,4,162,76,86,N,N,N,N,595,5395,1282,254,20,131,415,1252,122,52,52,37,612,576,3.59,5,13,44,4338,1282,163,507,1290,72,120,0.988,2476664
Cleveland Indians,CLE,2014,AL,C,3,162,85,77,N,N,N,N,669,5575,1411,284,23,142,504,1189,104,27,42,49,653,581,3.56,6,15,40,4405,1398,135,464,1450,116,139,0.981,1437393
Colorado Rockies,COL,2014,NL,W,4,162,66,96,N,N,N,N,755,5612,1551,307,41,186,397,1281,85,48,48,48,818,770,4.84,1,4,24,4293,1528,173,531,1074,106,166,0.983,2680329
Detroit Tigers,DET,2014,AL,C,1,162,90,72,Y,N,N,N,757,5630,1557,325,26,155,443,1144,106,41,44,61,705,648,4.01,5,8,41,4362,1475,127,462,1244,101,153,0.983,2917209
Houston Astros,HOU,2014,AL,W,4,162,70,92,N,N,N,N,629,5447,1317,240,19,163,495,1442,122,37,55,36,723,657,4.11,7,3,31,4316,1437,139,484,1137,106,151,0.983,1751829
Kansas City Royals,KCR,2014,AL,C,2,162,89,73,N,Y,Y,N,651,5545,1456,286,29,95,380,985,153,36,53,47,624,565,3.51,3,14,53,4352,1386,128,440,1168,104,122,0.983,1956482
Los Angeles Angels of Anaheim,ANA,2014,AL,W,1,162,98,64,Y,N,N,N,773,5652,1464,304,31,155,492,1266,81,39,60,54,630,590,3.58,3,13,46,4448,1307,126,504,1342,83,127,0.986,3095935
Los Angeles Dodgers,LAD,2014,NL,W,1,162,94,68,Y,N,N,N,718,5560,1476,302,38,134,519,1246,138,50,61,43,617,554,3.4,7,16,47,4394,1338,142,429,1373,107,145,0.983,3782337
Miami Marlins,FLA,2014,NL,E,4,162,77,85,N,N,N,N,645,5538,1399,254,36,122,501,1419,58,21,35,39,674,613,3.78,3,16,42,4373,1481,114,458,1190,97,154,0.984,1732283
Milwaukee Brewers,MIL,2014,NL,C,3,162,82,80,N,N,N,N,650,5462,1366,297,28,150,423,1197,102,43,73,37,657,594,3.67,3,9,45,4373,1386,167,431,1246,99,130,0.984,2797384
Minnesota Twins,MIN,2014,AL,C,5,162,70,92,N,N,N,N,715,5567,1412,316,27,128,544,1329,99,36,53,44,777,728,4.57,2,7,38,4305,1588,147,408,1031,97,136,0.984,2250606
New York Yankees,NYY,2014,AL,E,2,162,84,78,N,N,N,N,633,5497,1349,247,26,147,452,1133,112,26,56,47,664,605,3.75,5,10,48,4359,1392,164,398,1370,92,107,0.984,3401624
New York Mets,NYM,2014,NL,E,3,162,79,83,N,N,N,N,629,5472,1306,275,19,125,516,1264,101,34,54,44,618,568,3.49,1,11,42,4391,1370,141,509,1303,104,158,0.983,2148808
Oakland Athletics,OAK,2014,AL,W,2,162,88,74,N,Y,N,N,729,5545,1354,253,33,146,586,1104,83,20,49,43,572,524,3.22,7,13,31,4390,1269,147,406,1244,111,150,0.982,2003628
Philadelphia Phillies,PHI,2014,NL,E,5,162,73,89,N,N,N,N,619,5603,1356,251,27,125,443,1306,109,26,55,37,687,619,3.79,2,12,40,4405,1396,134,521,1255,83,133,0.987,2423852
Pittsburgh Pirates,PIT,2014,NL,C,2,162,88,74,N,Y,N,N,682,5536,1436,275,30,156,520,1244,104,47,78,35,631,562,3.47,2,7,48,4369,1341,128,499,1228,109,148,0.983,2442564
San Diego Padres,SDP,2014,NL,W,3,162,77,85,N,N,N,N,535,5294,1199,224,30,109,468,1294,91,34,41,45,577,523,3.27,4,10,41,4316,1300,117,462,1284,101,124,0.983,2195373
Seattle Mariners,SEA,2014,AL,W,3,162,87,75,N,N,N,N,634,5450,1328,247,32,136,396,1232,96,42,60,34,554,512,3.17,2,9,51,4356,1240,137,463,1317,82,139,0.986,2064334
San Francisco Giants,SFG,2014,NL,W,2,162,88,74,N,Y,Y,Y,665,5523,1407,257,42,132,427,1245,56,27,43,49,614,564,3.5,8,12,46,4347,1305,133,389,1211,100,155,0.984,3368697
St. Louis Cardinals,STL,2014,NL,C,1,162,90,72,Y,N,N,N,619,5426,1371,275,21,105,471,1133,57,32,86,39,603,564,3.5,8,23,55,4346,1321,123,470,1221,88,145,0.985,3540649
Tampa Bay Rays,TBD,2014,AL,E,4,162,77,85,N,N,N,N,612,5516,1361,263,24,117,527,1124,63,27,66,53,625,579,3.56,3,22,37,4391,1292,145,482,1437,88,96,0.985,1446464
Texas Rangers,TEX,2014,AL,W,5,162,67,95,N,N,N,N,637,5460,1400,260,28,111,417,1162,105,59,61,45,773,711,4.49,6,17,33,4279,1510,160,505,1110,106,155,0.982,2718733
Toronto Blue Jays,TOR,2014,AL,E,3,162,83,79,N,N,N,N,723,5549,1435,282,24,177,502,1151,78,21,41,40,686,642,4,3,16,45,4329,1400,151,490,1199,87,130,0.985,2375525
Washington Nationals,WSN,2014,NL,E,1,162,96,66,Y,N,N,N,686,5542,1403,265,27,152,517,1304,101,23,56,41,555,495,3.03,5,19,45,4412,1351,110,352,1288,100,139,0.984,2579389
Arizona Diamondbacks,ARI,2015,NL,W,3,162,79,83,N,N,N,N,720,5649,1494,289,48,154,490,1312,132,44,33,57,713,659,4.04,1,12,44,4400,1450,182,500,1215,86,146,0.986,2080145
Atlanta Braves,ATL,2015,NL,E,4,162,67,95,N,N,N,N,573,5420,1361,251,18,100,471,1107,69,33,44,31,760,698,4.41,3,10,44,4276,1462,170,550,1148,90,186,0.985,2001392
Baltimore Orioles,BAL,2015,AL,E,3,162,81,81,N,N,N,N,713,5485,1370,246,20,217,418,1331,44,25,51,32,693,646,4.05,0,10,43,4304,1406,174,483,1233,77,134,0.987,2281202
Boston Red Sox,BOS,2015,AL,E,5,162,78,84,N,N,N,N,748,5640,1495,294,33,161,478,1148,71,27,46,42,753,694,4.31,3,10,40,4345,1486,178,478,1218,97,148,0.984,2880694
Chicago White Sox,CHW,2015,AL,C,4,162,76,86,N,N,N,N,622,5533,1381,260,27,136,404,1231,68,42,65,37,701,643,3.98,7,9,37,4358,1443,162,474,1359,101,159,0.983,1755810
Chicago Cubs,CHC,2015,NL,C,3,162,97,65,N,Y,N,N,689,5491,1341,272,30,171,567,1518,95,37,74,35,608,546,3.36,6,21,48,4384,1276,134,407,1431,111,120,0.982,2919122
Cincinnati Reds,CIN,2015,NL,C,5,162,64,98,N,N,N,N,640,5571,1382,257,27,167,496,1255,134,38,42,40,754,700,4.33,2,8,35,4360,1436,177,544,1252,90,131,0.985,2419506
Cleveland Indians,CLE,2015,AL,C,3,161,81,80,N,N,N,N,669,5439,1395,303,29,141,533,1157,86,28,39,50,640,584,3.67,11,10,38,4298,1274,161,425,1407,79,136,0.987,1388905
Colorado Rockies,COL,2015,NL,W,5,162,68,94,N,N,N,N,737,5572,1479,274,49,186,388,1283,97,43,33,34,844,799,5.04,4,4,36,4279,1579,183,579,1112,95,171,0.985,2506789
Detroit Tigers,DET,2015,AL,C,5,161,74,87,N,N,N,N,689,5605,1515,289,49,151,455,1259,83,51,41,35,803,746,4.64,7,12,35,4341,1491,193,489,1100,86,165,0.986,2726048
Houston Astros,HOU,2015,AL,W,2,162,86,76,N,Y,N,N,729,5459,1363,278,26,230,486,1392,121,48,56,43,618,572,3.57,5,13,39,4323,1308,148,423,1280,85,131,0.986,2153585
Kansas City Royals,KCR,2015,AL,C,1,162,95,67,Y,N,Y,Y,724,5575,1497,300,42,139,383,973,104,34,77,47,641,601,3.73,2,8,56,4356,1372,155,489,1160,88,138,0.985,2708549
Los Angeles Angels of Anaheim,ANA,2015,AL,W,3,162,85,77,N,N,N,N,661,5417,1331,243,21,176,435,1150,52,34,58,40,675,630,3.94,2,12,46,4322,1355,166,466,1221,93,108,0.984,3012765
Los Angeles Dodgers,LAD,2015,NL,W,1,162,92,70,Y,N,N,N,667,5385,1346,263,26,187,563,1258,59,34,60,30,595,553,3.44,6,21,47,4337,1317,145,395,1396,75,133,0.988,3764815
Miami Marlins,FLA,2015,NL,E,3,162,71,91,N,N,N,N,613,5463,1420,236,40,120,375,1150,112,45,39,40,678,638,4.02,0,12,35,4281,1374,141,508,1152,77,162,0.987,1752235
Milwaukee Brewers,MIL,2015,NL,C,4,162,68,94,N,N,N,N,655,5480,1378,274,34,145,412,1299,84,29,41,34,737,682,4.28,1,7,40,4305,1432,176,517,1260,116,164,0.981,2542558
Minnesota Twins,MIN,2015,AL,C,2,162,83,79,N,N,N,N,696,5467,1349,277,44,156,439,1264,70,38,40,41,700,653,4.07,2,12,45,4329,1506,163,413,1046,86,150,0.986,2220054
New York Yankees,NYY,2015,AL,E,2,162,87,75,N,Y,N,N,764,5567,1397,272,19,212,554,1227,63,25,63,54,698,652,4.03,3,4,48,4373,1416,182,474,1370,93,135,0.985,3193795
New York Mets,NYM,2015,NL,E,1,162,90,72,Y,N,Y,N,683,5527,1351,295,17,177,488,1290,51,25,68,32,613,557,3.43,1,14,50,4388,1341,152,383,1337,88,131,0.986,2569753
Oakland Athletics,OAK,2015,AL,W,5,162,68,94,N,N,N,N,694,5600,1405,277,46,146,475,1119,78,29,40,38,729,664,4.14,5,15,28,4334,1402,172,474,1179,126,154,0.979,1768175
Philadelphia Phillies,PHI,2015,NL,E,5,162,63,99,N,N,N,N,626,5529,1374,272,37,130,387,1274,88,32,54,29,809,749,4.69,1,7,35,4309,1592,191,488,1153,117,145,0.981,1831080
Pittsburgh Pirates,PIT,2015,NL,C,2,162,98,64,N,Y,N,N,697,5631,1462,292,27,140,461,1322,98,45,89,41,596,532,3.21,0,13,54,4469,1392,110,453,1338,122,177,0.981,2498596
San Diego Padres,SDP,2015,NL,W,4,162,74,88,N,N,N,N,650,5457,1324,260,36,148,426,1327,82,29,40,42,731,655,4.09,1,6,41,4321,1371,171,516,1393,92,138,0.985,2459742
Seattle Mariners,SEA,2015,AL,W,4,162,76,86,N,N,N,N,656,5544,1379,262,22,198,478,1336,69,45,36,35,726,677,4.16,6,12,45,4389,1430,181,491,1283,94,155,0.985,2193581
San Francisco Giants,SFG,2015,NL,W,2,162,84,78,N,N,N,N,696,5565,1486,288,39,136,457,1159,93,36,49,37,627,597,3.72,7,18,41,4333,1344,155,431,1165,78,145,0.987,3375882
St. Louis Cardinals,STL,2015,NL,C,1,162,100,62,Y,N,N,N,647,5484,1386,288,39,137,506,1267,69,38,66,42,525,478,2.94,1,15,62,4394,1359,123,477,1329,96,159,0.984,3520889
Tampa Bay Rays,TBD,2015,AL,E,4,162,80,82,N,N,N,N,644,5485,1383,278,32,167,436,1310,87,45,84,47,642,604,3.74,1,12,60,4360,1314,175,477,1355,95,118,0.984,1287054
Texas Rangers,TEX,2015,AL,W,1,162,88,74,Y,N,N,N,751,5511,1419,279,32,172,503,1233,101,39,76,54,733,680,4.24,5,9,45,4328,1459,171,508,1095,119,169,0.981,2491875
Toronto Blue Jays,TOR,2015,AL,E,1,162,93,69,Y,N,N,N,891,5509,1480,308,17,232,570,1151,88,23,54,62,670,609,3.8,7,10,34,4323,1353,173,397,1117,88,145,0.985,2794891
Washington Nationals,WSN,2015,NL,E,2,162,83,79,N,N,N,N,703,5428,1363,265,13,177,539,1344,57,23,44,51,635,577,3.62,4,13,41,4304,1366,145,364,1342,90,125,0.985,2619843
Arizona Diamondbacks,ARI,2016,NL,W,4,162,69,93,N,N,N,N,752,5665,1479,285,56,190,463,1427,137,31,50,38,890,821,5.09,2,7,31,4354,1563,202,603,1318,101,143,0.983,2036216
Atlanta Braves,ATL,2016,NL,E,5,161,68,93,N,N,N,N,649,5514,1404,295,27,122,502,1240,75,34,59,52,779,725,4.51,1,9,39,4343,1414,177,547,1227,101,134,0.983,2020914
Baltimore Orioles,BAL,2016,AL,E,2,162,89,73,N,Y,N,N,744,5524,1413,265,6,253,468,1324,19,13,44,36,715,671,4.22,1,9,54,4296,1408,183,545,1248,80,165,0.987,2172344
Boston Red Sox,BOS,2016,AL,E,1,162,93,69,Y,N,N,N,878,5670,1598,343,25,208,558,1160,83,24,43,40,694,640,4,9,5,43,4319,1342,176,490,1362,75,139,0.987,2955434
Chicago White Sox,CHW,2016,AL,C,4,162,78,84,N,N,N,N,686,5550,1428,277,33,168,455,1285,77,36,53,44,715,659,4.1,7,10,43,4340,1422,185,521,1270,95,148,0.984,1746293
Chicago Cubs,CHC,2016,NL,C,1,162,103,58,Y,N,Y,Y,808,5503,1409,293,30,199,656,1339,66,34,96,37,556,511,3.15,5,15,38,4379,1125,163,495,1441,101,116,0.983,3232420
Cincinnati Reds,CIN,2016,NL,C,5,162,68,94,N,N,N,N,716,5487,1403,277,33,164,452,1284,139,51,52,44,854,786,4.91,2,8,28,4326,1457,258,636,1241,102,142,0.983,1894085
Cleveland Indians,CLE,2016,AL,C,1,161,94,67,Y,N,Y,N,777,5484,1435,308,29,185,531,1246,134,31,49,60,676,617,3.84,5,11,37,4335,1330,186,461,1398,89,126,0.985,1591667
Colorado Rockies,COL,2016,NL,W,3,162,75,87,N,N,N,N,845,5614,1544,318,47,204,494,1330,66,39,40,34,860,779,4.91,2,9,37,4288,1532,181,547,1223,110,148,0.982,2602524
Detroit Tigers,DET,2016,AL,C,2,161,86,75,N,N,N,N,750,5526,1476,252,30,211,493,1303,58,29,53,38,721,672,4.24,3,8,47,4284,1417,182,462,1232,75,148,0.987,2493859
Houston Astros,HOU,2016,AL,W,3,162,84,78,N,N,N,N,724,5545,1367,291,29,198,554,1452,102,44,47,31,701,663,4.06,2,8,44,4404,1441,181,453,1396,77,135,0.987,2306623
Kansas City Royals,KCR,2016,AL,C,3,162,81,81,N,N,N,N,675,5552,1450,264,33,147,382,1224,121,35,45,34,712,674,4.21,3,7,41,4320,1433,206,517,1287,94,134,0.984,2557712
Los Angeles Angels of Anaheim,ANA,2016,AL,W,4,162,74,88,N,N,N,N,717,5431,1410,279,20,156,471,991,73,34,51,49,727,676,4.28,4,12,29,4264,1480,208,498,1136,97,148,0.983,3016142
Los Angeles Dodgers,LAD,2016,NL,W,1,162,91,71,Y,N,N,N,725,5518,1376,272,21,189,525,1321,45,26,58,32,638,598,3.7,3,15,47,4359,1266,165,464,1510,80,101,0.986,3703312
Miami Marlins,FLA,2016,NL,E,3,161,79,82,N,N,N,N,655,5547,1460,259,42,128,447,1213,71,28,54,38,682,646,4.05,0,12,55,4305,1358,152,595,1379,86,137,0.985,1712417
Milwaukee Brewers,MIL,2016,NL,C,4,162,73,89,N,N,N,N,671,5330,1299,249,19,194,599,1543,181,56,37,39,733,650,4.08,0,7,46,4303,1450,178,532,1175,136,145,0.978,2314614
Minnesota Twins,MIN,2016,AL,C,5,162,59,103,N,N,N,N,722,5618,1409,288,35,200,513,1426,91,32,44,43,889,814,5.08,4,3,26,4329,1617,221,479,1191,126,172,0.979,1963912
New York Yankees,NYY,2016,AL,E,4,162,84,78,N,N,N,N,680,5458,1378,245,20,183,475,1188,72,22,42,49,702,660,4.16,0,10,48,4285,1358,214,444,1393,86,116,0.985,3063405
New York Mets,NYM,2016,NL,E,2,162,87,75,N,Y,N,N,671,5459,1342,240,19,218,517,1302,42,18,62,41,617,574,3.57,1,13,55,4341,1397,152,439,1396,90,138,0.985,2789602
Oakland Athletics,OAK,2016,AL,W,5,162,69,93,N,N,N,N,653,5500,1352,270,21,169,442,1145,50,23,33,34,761,718,4.51,2,7,42,4300,1459,185,464,1188,97,152,0.984,1521506
Philadelphia Phillies,PHI,2016,NL,E,4,162,71,91,N,N,N,N,610,5434,1305,231,35,161,424,1376,96,45,58,30,796,739,4.63,4,12,43,4311,1468,213,466,1299,97,142,0.984,1915144
Pittsburgh Pirates,PIT,2016,NL,C,3,162,78,83,N,N,N,N,729,5542,1426,277,32,153,561,1334,110,45,81,36,758,679,4.21,5,5,51,4352,1490,180,533,1232,111,172,0.982,2249201
San Diego Padres,SDP,2016,NL,W,5,162,68,94,N,N,N,N,686,5419,1275,257,26,177,449,1500,125,45,58,36,770,708,4.43,1,9,35,4320,1425,183,569,1222,109,165,0.982,2351422
Seattle Mariners,SEA,2016,AL,W,2,162,86,76,N,N,N,N,768,5583,1446,251,17,223,506,1288,56,28,72,41,707,647,4,2,8,49,4371,1410,213,460,1318,89,158,0.985,2267928
San Francisco Giants,SFG,2016,NL,W,2,162,87,75,N,Y,N,N,715,5565,1437,280,54,130,572,1107,79,36,42,46,631,593,3.65,10,11,43,4381,1334,158,439,1309,72,136,0.988,3365256
St. Louis Cardinals,STL,2016,NL,C,2,162,86,76,N,N,N,N,779,5548,1415,299,32,225,526,1318,35,26,70,41,712,656,4.08,2,10,38,4345,1432,159,475,1290,107,169,0.983,3444490
Tampa Bay Rays,TBD,2016,AL,E,5,162,68,94,N,N,N,N,672,5481,1333,288,32,216,449,1482,60,37,69,28,713,665,4.2,1,8,42,4279,1395,210,491,1357,94,129,0.984,1286163
Texas Rangers,TEX,2016,AL,W,1,162,95,67,Y,N,N,N,765,5525,1446,257,23,215,436,1220,99,36,70,40,757,700,4.37,1,6,56,4329,1441,201,534,1154,97,190,0.984,2710402
Toronto Blue Jays,TOR,2016,AL,E,2,162,89,73,N,Y,N,N,759,5479,1358,276,18,221,632,1362,54,24,55,40,666,613,3.78,0,10,43,4378,1340,183,461,1314,88,144,0.986,3392099
Washington Nationals,WSN,2016,NL,E,1,162,95,67,Y,N,N,N,763,5490,1403,268,29,203,536,1252,121,39,64,63,612,570,3.51,1,12,46,4379,1272,155,468,1476,73,142,0.988,2481938
Arizona Diamondbacks,ARI,2017,NL,W,2,162,93,69,N,Y,N,N,812,5525,1405,314,39,220,578,1456,103,30,54,27,659,586,3.66,2,11,43,4323,1309,171,516,1482,108,140,0.982,2134375
Atlanta Braves,ATL,2017,NL,E,3,162,72,90,N,N,N,N,732,5584,1467,289,26,165,474,1184,77,31,66,32,821,756,4.72,0,6,36,4324,1463,192,584,1258,97,137,0.984,2505252
Baltimore Orioles,BAL,2017,AL,E,5,162,75,87,N,N,N,N,743,5650,1469,269,12,232,392,1412,32,13,50,37,841,795,4.97,1,10,35,4323,1505,242,579,1233,94,175,0.984,2028424
Boston Red Sox,BOS,2017,AL,E,1,162,93,69,Y,N,N,N,785,5669,1461,302,19,168,571,1224,106,31,53,36,668,610,3.7,5,11,39,4447,1384,195,465,1580,107,126,0.982,2917678
Chicago White Sox,CHW,2017,AL,C,4,162,67,95,N,N,N,N,706,5513,1412,256,37,186,401,1397,71,31,76,33,820,755,4.78,0,3,25,4265,1384,242,632,1193,114,157,0.981,1629470
Chicago Cubs,CHC,2017,NL,C,1,162,92,70,Y,N,N,N,822,5496,1402,274,29,223,622,1401,62,31,82,32,695,636,3.95,2,8,38,4342,1294,194,554,1439,95,139,0.984,3199562
Cincinnati Reds,CIN,2017,NL,C,5,162,68,94,N,N,N,N,753,5484,1390,249,38,219,565,1329,120,39,72,42,869,821,5.17,2,8,33,4290,1442,248,631,1300,81,132,0.986,1836917
Cleveland Indians,CLE,2017,AL,C,1,162,102,60,Y,N,N,N,818,5511,1449,333,29,212,604,1153,88,23,50,45,564,529,3.3,7,19,37,4322,1267,163,406,1614,76,167,0.987,2048138
Colorado Rockies,COL,2017,NL,W,3,162,87,75,N,Y,N,N,824,5534,1510,293,38,192,519,1408,59,34,44,41,757,721,4.51,1,9,47,4313,1453,190,532,1270,77,168,0.987,2953650
Detroit Tigers,DET,2017,AL,C,5,162,64,98,N,N,N,N,735,5556,1435,289,35,187,503,1313,65,34,52,27,894,846,5.36,2,4,32,4261,1587,218,538,1202,84,146,0.985,2321599
Houston Astros,HOU,2017,AL,W,1,162,101,61,Y,N,Y,Y,896,5611,1581,346,20,238,509,1087,98,42,70,61,700,662,4.12,1,9,45,4338,1314,192,522,1593,99,153,0.983,2403671
Kansas City Royals,KCR,2017,AL,C,3,162,80,82,N,N,N,N,702,5536,1436,260,24,193,390,1166,91,31,45,37,791,737,4.61,1,6,39,4313,1480,196,519,1216,79,145,0.987,2220370
Los Angeles Angels of Anaheim,ANA,2017,AL,W,2,162,80,82,N,N,N,N,710,5415,1314,251,14,186,523,1198,136,44,70,46,709,672,4.2,1,10,43,4322,1373,224,470,1312,80,135,0.986,3019585
Los Angeles Dodgers,LAD,2017,NL,W,1,162,104,58,Y,N,Y,N,770,5408,1347,312,20,221,649,1380,77,28,64,38,580,543,3.38,2,16,51,4334,1226,184,442,1549,88,131,0.985,3765856
Miami Marlins,FLA,2017,NL,E,2,162,77,85,N,N,N,N,778,5602,1497,271,31,194,486,1282,91,30,67,41,822,772,4.82,1,7,34,4328,1450,193,627,1202,73,156,0.988,1583014
Milwaukee Brewers,MIL,2017,NL,C,2,162,86,76,N,N,N,N,732,5467,1363,267,22,224,547,1571,128,41,53,26,697,642,4,1,12,54,4337,1381,185,553,1346,115,164,0.981,2627705
Minnesota Twins,MIN,2017,AL,C,2,162,85,77,N,Y,N,N,815,5557,1444,286,31,206,593,1342,95,28,46,39,788,732,4.59,6,11,42,4308,1487,224,483,1166,78,143,0.987,2051279
New York Yankees,NYY,2017,AL,E,2,162,91,71,N,Y,N,N,858,5594,1463,266,23,241,616,1386,90,22,64,56,660,599,3.72,2,7,36,4346,1248,192,504,1560,95,102,0.984,3146966
New York Mets,NYM,2017,NL,E,4,162,70,92,N,N,N,N,735,5510,1379,286,28,224,529,1291,58,23,57,37,863,799,5.01,2,5,34,4304,1538,220,593,1374,92,125,0.984,2460622
Oakland Athletics,OAK,2017,AL,W,5,162,75,87,N,N,N,N,739,5464,1344,305,15,234,565,1491,57,22,43,40,826,743,4.67,1,6,35,4293,1444,210,502,1202,121,162,0.98,1475721
Philadelphia Phillies,PHI,2017,NL,E,5,162,66,96,N,N,N,N,690,5535,1382,287,36,174,494,1417,59,25,47,36,782,729,4.55,1,7,33,4323,1471,221,527,1309,82,145,0.986,1905354
Pittsburgh Pirates,PIT,2017,NL,C,4,162,75,87,N,N,N,N,668,5458,1331,249,36,151,519,1213,67,36,88,28,731,676,4.22,2,12,36,4322,1464,182,511,1262,99,156,0.984,1919447
San Diego Padres,SDP,2017,NL,W,4,162,71,91,N,N,N,N,604,5356,1251,227,31,189,460,1499,89,33,53,33,816,742,4.67,2,12,45,4292,1417,226,554,1325,113,177,0.981,2138491
Seattle Mariners,SEA,2017,AL,W,3,162,78,84,N,N,N,N,750,5551,1436,281,17,200,487,1267,89,35,78,35,772,713,4.46,1,9,39,4321,1399,237,490,1244,103,147,0.982,2135445
San Francisco Giants,SFG,2017,NL,W,5,162,64,98,N,N,N,N,639,5551,1382,290,28,128,467,1204,76,34,36,52,776,726,4.5,3,5,32,4356,1515,182,496,1234,87,127,0.985,3303652
St. Louis Cardinals,STL,2017,NL,C,3,162,83,79,N,N,N,N,761,5470,1402,284,28,196,593,1348,81,31,65,44,705,646,4.01,3,12,43,4351,1393,183,493,1351,94,164,0.984,3447937
Tampa Bay Rays,TBD,2017,AL,E,3,162,80,82,N,N,N,N,694,5478,1340,226,32,228,545,1538,88,34,55,48,704,638,3.97,0,9,53,4335,1324,193,503,1352,100,129,0.983,1253619
Texas Rangers,TEX,2017,AL,W,4,162,78,84,N,N,N,N,799,5430,1326,255,21,237,544,1493,113,44,81,39,816,742,4.66,2,6,29,4303,1443,214,559,1107,108,173,0.982,2507760
Toronto Blue Jays,TOR,2017,AL,E,4,162,76,86,N,N,N,N,693,5499,1320,269,5,222,542,1327,53,24,51,35,784,720,4.42,2,6,45,4395,1460,203,549,1372,92,145,0.985,3203886
Washington Nationals,WSN,2017,NL,E,1,162,97,65,Y,N,N,N,819,5553,1477,311,31,215,542,1327,108,30,31,45,672,623,3.88,3,5,46,4340,1300,189,495,1457,86,139,0.985,2524980
Arizona Diamondbacks,ARI,2018,NL,W,3,162,82,80,N,N,N,N,693,5460,1283,259,50,176,560,1460,79,25,52,45,644,605,3.72,2,9,39,4389,1313,174,522,1448,75,152,0.988,2242695
Atlanta Braves,ATL,2018,NL,E,1,162,90,72,Y,N,N,N,759,5582,1433,314,29,175,511,1290,90,36,66,43,657,607,3.75,2,11,40,4370,1236,153,635,1423,80,134,0.986,2555781
Baltimore Orioles,BAL,2018,AL,E,5,162,47,115,N,N,N,N,622,5507,1317,242,15,188,422,1412,81,22,57,35,892,824,5.18,2,7,28,4293,1552,234,589,1203,104,159,0.982,1564192
Boston Red Sox,BOS,2018,AL,E,1,162,108,54,Y,N,Y,Y,876,5623,1509,355,31,208,569,1253,125,31,55,48,647,608,3.75,2,14,46,4376,1305,176,512,1558,77,106,0.987,2895575
Chicago White Sox,CHW,2018,AL,C,4,162,62,100,N,N,N,N,656,5523,1332,259,40,182,425,1594,98,41,66,32,848,772,4.84,0,8,34,4311,1405,196,653,1259,114,135,0.981,1608817
Chicago Cubs,CHC,2018,NL,C,2,163,95,68,N,Y,N,N,761,5624,1453,286,34,167,576,1388,66,38,78,46,645,598,3.65,1,18,46,4429,1319,157,622,1333,104,155,0.983,3181089
Cincinnati Reds,CIN,2018,NL,C,5,162,67,95,N,N,N,N,696,5532,1404,251,25,172,559,1376,77,33,65,35,819,741,4.63,1,6,38,4323,1491,228,532,1258,95,144,0.984,1629356
Cleveland Indians,CLE,2018,AL,C,1,162,91,71,Y,N,N,N,818,5595,1447,297,19,216,554,1189,135,36,80,44,648,611,3.77,5,17,41,4372,1349,200,407,1544,83,123,0.986,1926701
Colorado Rockies,COL,2018,NL,W,2,163,91,72,N,Y,N,N,780,5541,1418,280,42,210,507,1397,95,33,51,37,745,699,4.33,0,10,51,4357,1378,184,525,1409,74,162,0.988,3015880
Detroit Tigers,DET,2018,AL,C,3,162,64,98,N,N,N,N,630,5494,1326,284,35,135,428,1341,70,30,52,40,796,726,4.58,0,2,37,4276,1423,216,491,1215,95,126,0.984,1856970
Houston Astros,HOU,2018,AL,W,1,162,103,59,Y,N,N,N,797,5453,1390,278,18,205,565,1197,71,26,61,45,534,503,3.11,3,12,46,4365,1164,152,435,1687,63,116,0.989,2980549
Kansas City Royals,KCR,2018,AL,C,5,162,58,104,N,N,N,N,638,5505,1350,283,29,155,427,1310,117,38,67,40,833,786,4.94,2,8,33,4296,1542,205,549,1157,77,142,0.987,1665107
Los Angeles Angels of Anaheim,ANA,2018,AL,W,4,162,80,82,N,N,N,N,721,5472,1323,249,23,214,514,1300,89,22,73,39,722,662,4.15,1,9,35,4312,1353,205,546,1386,76,173,0.987,3020216
Los Angeles Dodgers,LAD,2018,NL,W,1,163,92,71,Y,N,Y,N,804,5572,1394,296,33,235,647,1436,75,24,61,39,610,554,3.38,0,11,48,4428,1279,179,422,1565,100,111,0.983,3857500
Miami Marlins,FLA,2018,NL,E,5,161,63,98,N,N,N,N,589,5488,1303,222,24,128,455,1384,45,31,73,31,809,762,4.76,1,12,30,4326,1388,192,605,1249,83,133,0.986,811104
Milwaukee Brewers,MIL,2018,NL,C,1,163,96,67,Y,N,N,N,754,5542,1398,252,24,218,537,1458,124,32,58,41,659,606,3.73,0,14,49,4383,1259,173,553,1428,108,141,0.982,2850875
Minnesota Twins,MIN,2018,AL,C,2,162,78,84,N,N,N,N,738,5526,1380,318,22,166,534,1328,47,27,37,38,775,721,4.5,2,7,37,4330,1425,198,573,1377,97,127,0.984,1959197
New York Yankees,NYY,2018,AL,E,2,162,100,62,N,Y,N,N,851,5515,1374,269,23,267,625,1421,63,21,62,59,669,611,3.78,2,11,49,4369,1311,177,494,1634,94,95,0.984,3482855
New York Mets,NYM,2018,NL,E,4,162,77,85,N,N,N,N,676,5468,1282,265,34,170,566,1404,71,39,73,42,707,661,4.07,3,15,41,4382,1364,185,484,1446,88,121,0.985,2224995
Oakland Athletics,OAK,2018,AL,W,2,162,97,65,N,Y,N,N,813,5579,1407,322,20,227,550,1381,35,21,76,44,674,621,3.81,2,14,44,4397,1303,184,474,1237,89,125,0.985,1573616
Philadelphia Phillies,PHI,2018,NL,E,3,162,80,82,N,N,N,N,677,5424,1271,241,30,186,582,1520,69,26,64,32,728,665,4.14,0,12,44,4337,1366,171,500,1465,123,138,0.979,2158124
Pittsburgh Pirates,PIT,2018,NL,C,4,161,82,79,N,N,N,N,692,5447,1381,290,38,157,474,1229,70,38,59,52,693,637,4,3,16,40,4302,1380,174,497,1336,105,129,0.982,1465316
San Diego Padres,SDP,2018,NL,W,5,162,66,96,N,N,N,N,617,5486,1289,250,30,162,471,1523,95,36,31,36,767,713,4.4,0,5,36,4371,1430,185,519,1399,100,127,0.983,2168536
Seattle Mariners,SEA,2018,AL,W,3,162,89,73,N,N,N,N,677,5513,1402,256,32,176,430,1221,79,37,70,41,711,664,4.13,3,12,60,4346,1396,195,400,1328,88,152,0.985,2299489
San Francisco Giants,SFG,2018,NL,W,4,162,73,89,N,N,N,N,603,5541,1324,255,30,133,448,1467,77,34,49,42,699,641,3.95,1,15,36,4384,1387,156,524,1269,97,160,0.984,3156185
St. Louis Cardinals,STL,2018,NL,C,3,162,88,74,N,N,N,N,759,5498,1369,248,9,205,525,1380,63,32,80,48,691,622,3.85,1,8,43,4366,1354,144,593,1337,133,151,0.978,3403587
Tampa Bay Rays,TBD,2018,AL,E,3,162,90,72,N,N,N,N,716,5475,1415,274,43,150,540,1388,128,51,101,50,646,602,3.74,0,14,52,4345,1236,164,501,1421,85,136,0.986,1154973
Texas Rangers,TEX,2018,AL,W,5,162,67,95,N,N,N,N,737,5453,1308,266,24,194,555,1484,74,35,88,34,848,783,4.92,1,5,42,4293,1516,222,491,1121,120,168,0.98,2107107
Toronto Blue Jays,TOR,2018,AL,E,4,162,73,89,N,N,N,N,709,5477,1336,320,16,217,499,1387,47,30,58,37,832,772,4.85,0,3,39,4301,1476,208,551,1298,101,138,0.983,2325281
Washington Nationals,WSN,2018,NL,E,2,162,82,80,N,N,N,N,771,5517,1402,284,25,191,631,1289,119,33,59,40,682,649,4.04,2,7,40,4338,1320,198,487,1417,64,115,0.989,2529604
